-- phpMyAdmin SQL Dump
-- version 4.1.6
-- http://www.phpmyadmin.net
--
-- Host: 127.0.0.1
-- Generation Time: Mar 28, 2015 at 10:13 PM
-- Server version: 5.6.16
-- PHP Version: 5.5.9

SET SQL_MODE = "NO_AUTO_VALUE_ON_ZERO";
SET time_zone = "+00:00";


/*!40101 SET @OLD_CHARACTER_SET_CLIENT=@@CHARACTER_SET_CLIENT */;
/*!40101 SET @OLD_CHARACTER_SET_RESULTS=@@CHARACTER_SET_RESULTS */;
/*!40101 SET @OLD_COLLATION_CONNECTION=@@COLLATION_CONNECTION */;
/*!40101 SET NAMES utf8 */;

--
-- Database: `snms_db`
--

-- --------------------------------------------------------

--
-- Table structure for table `accounts`
--

CREATE TABLE IF NOT EXISTS `accounts` (
  `AccountID` int(11) NOT NULL AUTO_INCREMENT,
  `PluginID` int(11) NOT NULL,
  `AccountName` varchar(255) NOT NULL,
  `AccountDescription` varchar(255) NOT NULL,
  `AccountUserName` varchar(255) NOT NULL,
  `AccountPassword` varchar(255) NOT NULL,
  PRIMARY KEY (`AccountID`),
  KEY `PluginID` (`PluginID`)
) ENGINE=InnoDB  DEFAULT CHARSET=latin1 AUTO_INCREMENT=2 ;

--
-- Dumping data for table `accounts`
--

INSERT INTO `accounts` (`AccountID`, `PluginID`, `AccountName`, `AccountDescription`, `AccountUserName`, `AccountPassword`) VALUES
(1, 6, 'Martin Mauricio Lucas', 'Test Dummy of this project', 'marmaulucas@gmail.com', 'chabon1975');

-- --------------------------------------------------------

--
-- Table structure for table `configurations`
--

CREATE TABLE IF NOT EXISTS `configurations` (
  `ConfigurationID` int(11) NOT NULL AUTO_INCREMENT,
  `AccountID` int(11) NOT NULL,
  `ConfigurationName` varchar(255) NOT NULL,
  `ConfigurationDescription` varchar(255) NOT NULL,
  `ConfigurationEnabled` bit(1) NOT NULL,
  PRIMARY KEY (`ConfigurationID`),
  KEY `AccountID` (`AccountID`)
) ENGINE=InnoDB  DEFAULT CHARSET=latin1 AUTO_INCREMENT=8 ;

--
-- Dumping data for table `configurations`
--

INSERT INTO `configurations` (`ConfigurationID`, `AccountID`, `ConfigurationName`, `ConfigurationDescription`, `ConfigurationEnabled`) VALUES
(1, 1, 'Test Configuration', 'Used for testing Facebook Plugin', b'1'),
(7, 1, 'Delete this', 'should be deleted', b'0');

-- --------------------------------------------------------

--
-- Table structure for table `configurationsequences`
--

CREATE TABLE IF NOT EXISTS `configurationsequences` (
  `ConfigurationSequenceCouplingID` int(11) NOT NULL AUTO_INCREMENT,
  `ConfigurationID` int(11) NOT NULL,
  `SequenceID` int(11) NOT NULL,
  `SequenceEnabled` bit(1) NOT NULL,
  PRIMARY KEY (`ConfigurationSequenceCouplingID`),
  KEY `ConfigurationID` (`ConfigurationID`),
  KEY `SequenceID` (`SequenceID`)
) ENGINE=InnoDB  DEFAULT CHARSET=latin1 AUTO_INCREMENT=19 ;

--
-- Dumping data for table `configurationsequences`
--

INSERT INTO `configurationsequences` (`ConfigurationSequenceCouplingID`, `ConfigurationID`, `SequenceID`, `SequenceEnabled`) VALUES
(1, 1, 1, b'1'),
(2, 1, 2, b'1'),
(3, 1, 3, b'1'),
(4, 1, 4, b'1'),
(5, 1, 5, b'1'),
(6, 1, 6, b'1'),
(13, 7, 1, b'1'),
(14, 7, 2, b'0'),
(15, 7, 3, b'1'),
(16, 7, 4, b'0'),
(17, 7, 5, b'1'),
(18, 7, 6, b'1');

-- --------------------------------------------------------

--
-- Table structure for table `plugins`
--

CREATE TABLE IF NOT EXISTS `plugins` (
  `PluginID` int(11) NOT NULL AUTO_INCREMENT,
  `PluginName` varchar(255) NOT NULL,
  `PluginDescription` varchar(255) NOT NULL,
  `PluginEnabled` bit(1) NOT NULL,
  `PluginBLOB` longblob NOT NULL,
  PRIMARY KEY (`PluginID`)
) ENGINE=InnoDB  DEFAULT CHARSET=latin1 AUTO_INCREMENT=7 ;

--
-- Dumping data for table `plugins`
--

INSERT INTO `plugins` (`PluginID`, `PluginName`, `PluginDescription`, `PluginEnabled`, `PluginBLOB`) VALUES
(6, 'Facebook', 'This plugin is able to connect to facebook accounts, read and write private messages, read and write wall posts.', b'1', 0xefbbbf3c506c7567696e3e0d0a20203c212d2d20506c7567696e20496e666f202d2d3e0d0a20203c506c7567696e4e616d653e46616365626f6f6b3c2f506c7567696e4e616d653e0d0a20200d0a20203c506c7567696e4465736372697074696f6e3e0d0a202020205468697320706c7567696e2069732061626c6520746f20636f6e6e65637420746f2066616365626f6f6b206163636f756e74732c207265616420616e642077726974652070726976617465206d657373616765732c207265616420616e642077726974652077616c6c20706f7374732e0d0a20203c2f506c7567696e4465736372697074696f6e3e0d0a20200d0a20203c506c7567696e56657273696f6e3e302e312e303c2f506c7567696e56657273696f6e3e0d0a20200d0a20203c212d2d204d616e6461746f7279205661726961626c65732120546865736520617265206f626c696761746f727920696e20455645525920706c7567696e20616e64206d757374206e6f74206265207573656420627920616e7920636f6d6d616e64202d2d3e0d0a20203c212d2d2053797374656d526573756c74537472696e6720697320746865207661726961626c65207573656420746f2073746f72652074686520726573756c74206f6620414e5920636f6e646974696f6e616c20636f6d6d616e64202d2d3e0d0a20203c5661726961626c65206e616d653d2253797374656d526573756c74537472696e67223e0d0a202020203c5661726961626c65547970653e737472696e673c2f5661726961626c65547970653e0d0a20203c2f5661726961626c653e0d0a20200d0a20203c212d2d2053797374656d5265616374696f6e53657175656e636520697320746865207661726961626c65207573656420746f2073656c65637420746865207265717569726564207265616374696f6e20666f72207468652076616c6964617465642074726967676572202d2d3e0d0a20203c5661726961626c65206e616d653d2253797374656d5265616374696f6e53657175656e6365223e0d0a202020203c5661726961626c65547970653e737472696e673c2f5661726961626c65547970653e0d0a20203c2f5661726961626c653e0d0a20200d0a20203c212d2d20436f6e7374616e747320666f7220656e746972652073797374656d202d2d3e0d0a20203c436f6e7374616e74206e616d653d226261736555524c223e0d0a202020203c436f6e7374616e74547970653e737472696e673c2f436f6e7374616e74547970653e0d0a202020203c436f6e7374616e7456616c75653e687474703a2f2f7777772e66616365626f6f6b2e636f6d3c2f436f6e7374616e7456616c75653e0d0a20203c2f436f6e7374616e743e0d0a0d0a20203c212d2d205661726961626c657320666f7220656e746972652073797374656d202d2d3e0d0a20203c5661726961626c65206e616d653d22757365724e616d65223e0d0a202020203c5661726961626c65547970653e737472696e673c2f5661726961626c65547970653e0d0a20203c2f5661726961626c653e0d0a0d0a20203c5661726961626c65206e616d653d2270617373776f7264223e0d0a202020203c5661726961626c65547970653e737472696e673c2f5661726961626c65547970653e0d0a20203c2f5661726961626c653e0d0a20200d0a20203c5661726961626c65206e616d653d22636865636b57616c6c5f74656d7057616c6c4974656d436f756e746572223e0d0a202020203c5661726961626c65547970653e696e74656765723c2f5661726961626c65547970653e0d0a20203c2f5661726961626c653e0d0a0d0a20203c5661726961626c65206e616d653d22636865636b57616c6c5f74656d7057616c6c4974656d4d696e7574657341676f5870617468223e0d0a202020203c5661726961626c65547970653e737472696e673c2f5661726961626c65547970653e0d0a20203c2f5661726961626c653e0d0a0d0a20203c436f6e7374616e74206e616d653d22636865636b57616c6c5f74656d7057616c6c4974656d4d696e7574657341676f4e4f57223e0d0a202020203c436f6e7374616e74547970653e737472696e673c2f436f6e7374616e74547970653e0d0a202020203c436f6e7374616e7456616c75653e4a757374206e6f773c2f436f6e7374616e7456616c75653e0d0a20203c2f436f6e7374616e743e0d0a0d0a20203c5661726961626c65206e616d653d22636865636b57616c6c5f74656d7057616c6c4974656d4d696e7574657341676f4d6178223e0d0a202020203c5661726961626c65547970653e737472696e673c2f5661726961626c65547970653e0d0a20203c2f5661726961626c653e0d0a0d0a20203c5661726961626c65206e616d653d22636865636b57616c6c5f706f73744d696e75657341676f223e0d0a202020203c5661726961626c65547970653e737472696e673c2f5661726961626c65547970653e0d0a20203c2f5661726961626c653e0d0a0d0a20203c5661726961626c65206e616d653d22636865636b57616c6c5f706f737454657874223e0d0a202020203c5661726961626c65547970653e737472696e673c2f5661726961626c65547970653e0d0a20203c2f5661726961626c653e0d0a0d0a20203c5661726961626c65206e616d653d22726573706f6e64546f506f73745f636f6d6d656e74427574746f6e5850617468223e0d0a202020203c5661726961626c65547970653e737472696e673c2f5661726961626c65547970653e0d0a20203c2f5661726961626c653e0d0a0d0a20203c5661726961626c65206e616d653d22726573706f6e64546f506f73745f726573706f6e7365537472696e67223e0d0a202020203c5661726961626c65547970653e737472696e673c2f5661726961626c65547970653e0d0a20203c2f5661726961626c653e0d0a0d0a20203c212d2d205365742075702073657175656e636520697320616c776179732072756e206f6e20706c7567696e20737461727420616e642063616e2062652063616c6c6564206c61746572202d2d3e0d0a20203c53657175656e6365206e616d653d227365747570223e0d0a202020203c436174656e617465537472696e673e0d0a2020202020203c44657374696e6174696f6e3e70617373776f72643c2f44657374696e6174696f6e3e0d0a2020202020203c536f75726365313e3c5661726961626c653e70617373776f72643c2f5661726961626c653e3c2f536f75726365313e0d0a2020202020203c536f75726365323e5c6e3c2f536f75726365323e0d0a202020203c2f436174656e617465537472696e673e0d0a20203c2f53657175656e63653e0d0a0d0a20203c212d2d204c6f67696e20746f2046616365626f6f6b202d2d3e0d0a20203c53657175656e6365206e616d653d226c6f67696e223e0d0a202020203c43616c6c3e73657475703c2f43616c6c3e0d0a202020200d0a202020203c476f546f3e0d0a2020202020203c436f6e7374616e743e6261736555524c3c2f436f6e7374616e743e0d0a202020203c2f476f546f3e0d0a0d0a202020203c4765744974656d206e616d653d22757365724e616d654669656c64223e0d0a2020202020203c506172656e74456c656d656e743e3c2f506172656e74456c656d656e743e0d0a2020202020203c536561726368547970653e49443c2f536561726368547970653e0d0a2020202020203c53656172636856616c75653e656d61696c3c2f53656172636856616c75653e0d0a202020203c2f4765744974656d3e0d0a0d0a202020203c4765744974656d206e616d653d2270617373776f72644669656c64223e0d0a2020202020203c506172656e74456c656d656e743e3c2f506172656e74456c656d656e743e0d0a2020202020203c536561726368547970653e49443c2f536561726368547970653e0d0a2020202020203c53656172636856616c75653e706173733c2f53656172636856616c75653e0d0a202020203c2f4765744974656d3e0d0a0d0a202020203c547970653e0d0a2020202020203c44657374696e6174696f6e3e757365724e616d654669656c643c2f44657374696e6174696f6e3e0d0a2020202020203c537472696e673e0d0a20202020202020203c5661726961626c653e757365724e616d653c2f5661726961626c653e0d0a2020202020203c2f537472696e673e0d0a202020203c2f547970653e0d0a0d0a202020203c547970653e0d0a2020202020203c44657374696e6174696f6e3e70617373776f72644669656c643c2f44657374696e6174696f6e3e0d0a2020202020203c537472696e673e0d0a20202020202020203c5661726961626c653e70617373776f72643c2f5661726961626c653e0d0a2020202020203c2f537472696e673e0d0a202020203c2f547970653e0d0a0d0a202020203c43616c6c3e6d61696e20706167653c2f43616c6c3e0d0a20203c2f53657175656e63653e0d0a0d0a20203c212d2d20476f20746f206d61696e2070616765202d2d3e0d0a20203c53657175656e6365206e616d653d226d61696e2070616765223e0d0a202020203c4765744974656d206e616d653d226d61696e50616765427574746f6e223e0d0a2020202020203c506172656e74456c656d656e743e3c2f506172656e74456c656d656e743e0d0a2020202020203c536561726368547970653e78506174683c2f536561726368547970653e0d0a2020202020203c53656172636856616c75653e2f2f68312f613c2f53656172636856616c75653e0d0a202020203c2f4765744974656d3e0d0a0d0a202020203c436c69636b3e0d0a2020202020203c44657374696e6174696f6e3e6d61696e50616765427574746f6e3c2f44657374696e6174696f6e3e0d0a202020203c2f436c69636b3e0d0a20203c2f53657175656e63653e0d0a0d0a20203c212d2d20436865636b206d65737361676573206f6e2077616c6c202d2d3e0d0a20203c53657175656e6365206e616d653d22636865636b57616c6c223e0d0a202020203c4765744974656d206e616d653d22636865636b57616c6c5f77616c6c49636f6e223e0d0a2020202020203c506172656e74456c656d656e743e3c2f506172656e74456c656d656e743e0d0a2020202020203c536561726368547970653e58506174683c2f536561726368547970653e0d0a2020202020203c53656172636856616c75653e2f2f6c692f613c2f53656172636856616c75653e0d0a202020203c2f4765744974656d3e0d0a0d0a202020203c436c69636b3e0d0a2020202020203c44657374696e6174696f6e3e636865636b57616c6c5f77616c6c49636f6e3c2f44657374696e6174696f6e3e0d0a202020203c2f436c69636b3e0d0a0d0a202020203c536c6565703e313030303c2f536c6565703e0d0a202020200d0a202020203c212d2d20436f756e7465722053657420746f2030202d2d3e0d0a202020203c5365745661726961626c653e0d0a2020202020203c44657374696e6174696f6e3e636865636b57616c6c5f74656d7057616c6c4974656d436f756e7465723c2f44657374696e6174696f6e3e0d0a2020202020203c537472696e673e313c2f537472696e673e0d0a202020203c2f5365745661726961626c653e0d0a0d0a202020203c4c6162656c3e57414c4c204954454d204c4f4f503c2f4c6162656c3e0d0a202020203c212d2d2063726561746520787061746820666f7220726571756972656420706f7374202d2d3e0d0a202020203c5365745661726961626c653e0d0a2020202020203c44657374696e6174696f6e3e636865636b57616c6c5f74656d7057616c6c4974656d4d696e7574657341676f58706174683c2f44657374696e6174696f6e3e0d0a2020202020203c537472696e673e2f2f6469765b3c2f537472696e673e0d0a202020203c2f5365745661726961626c653e0d0a0d0a202020203c436174656e617465537472696e673e0d0a2020202020203c44657374696e6174696f6e3e636865636b57616c6c5f74656d7057616c6c4974656d4d696e7574657341676f58706174683c2f44657374696e6174696f6e3e0d0a2020202020203c536f75726365313e0d0a20202020202020203c5661726961626c653e636865636b57616c6c5f74656d7057616c6c4974656d4d696e7574657341676f58706174683c2f5661726961626c653e0d0a2020202020203c2f536f75726365313e0d0a2020202020203c536f75726365323e0d0a20202020202020203c5661726961626c653e636865636b57616c6c5f74656d7057616c6c4974656d436f756e7465723c2f5661726961626c653e0d0a2020202020203c2f536f75726365323e0d0a202020203c2f436174656e617465537472696e673e0d0a0d0a202020203c436174656e617465537472696e673e0d0a2020202020203c44657374696e6174696f6e3e636865636b57616c6c5f74656d7057616c6c4974656d4d696e7574657341676f58706174683c2f44657374696e6174696f6e3e0d0a2020202020203c536f75726365313e0d0a20202020202020203c5661726961626c653e636865636b57616c6c5f74656d7057616c6c4974656d4d696e7574657341676f58706174683c2f5661726961626c653e0d0a2020202020203c2f536f75726365313e0d0a2020202020203c536f75726365323e5d2f6469762f6469765b325d2f6469762f6469762f6469762f6469765b325d2f6469762f7370616e2f7370616e2f612f616262723c2f536f75726365323e0d0a202020203c2f436174656e617465537472696e673e0d0a0d0a202020203c212d2d206966206e6f206974656d20666f756e642c2066696e6973682073657175656e6365202d2d3e0d0a202020203c436f6e646974696f6e3e0d0a2020202020203c547275653e4954454d20464f554e443c2f547275653e0d0a2020202020203c46616c73653e46494e49534845443c2f46616c73653e0d0a202020203c2f436f6e646974696f6e3e0d0a202020203c4765744974656d206e616d653d22636865636b57616c6c5f6d696e7574657341676f54657874223e0d0a2020202020203c506172656e74456c656d656e743e3c2f506172656e74456c656d656e743e0d0a2020202020203c536561726368547970653e58506174683c2f536561726368547970653e0d0a2020202020203c53656172636856616c75653e0d0a20202020202020203c5661726961626c653e636865636b57616c6c5f74656d7057616c6c4974656d4d696e7574657341676f58706174683c2f5661726961626c653e0d0a2020202020203c2f53656172636856616c75653e0d0a202020203c2f4765744974656d3e0d0a0d0a202020203c212d2d206974656d2077617320666f756e642c20636f6e74696e75652073657175656e6365202d2d3e0d0a202020203c4c6162656c3e4954454d20464f554e443c2f4c6162656c3e0d0a202020200d0a202020203c4765745465787446726f6d5765624974656d3e0d0a2020202020203c536f757263653e636865636b57616c6c5f6d696e7574657341676f546578743c2f536f757263653e0d0a2020202020203c44657374696e6174696f6e3e636865636b57616c6c5f706f73744d696e75657341676f3c2f44657374696e6174696f6e3e0d0a202020203c2f4765745465787446726f6d5765624974656d3e0d0a0d0a202020203c212d2d2049662074696d6520737472696e6720697320224a757374204e6f7722206974656d2073686f756c6420626520636865636b6564202d2d3e0d0a202020203c436f6e646974696f6e3e0d0a2020202020203c547275653e4a555354204e4f573c2f547275653e0d0a2020202020203c46616c73653e4d494e55544553204f5220484f5552533c2f46616c73653e0d0a202020203c2f436f6e646974696f6e3e0d0a202020203c436f6d706172655661726961626c65733e0d0a2020202020203c5661726961626c65313e636865636b57616c6c5f706f73744d696e75657341676f3c2f5661726961626c65313e0d0a2020202020203c5661726961626c65323e636865636b57616c6c5f74656d7057616c6c4974656d4d696e7574657341676f4e4f573c2f5661726961626c65323e0d0a202020203c2f436f6d706172655661726961626c65733e0d0a0d0a202020203c212d2d20536574206d696e757465732061676f20746f203020616e64206a756d7020746f207472696767657220636865636b696e67202d2d3e0d0a202020203c4c6162656c3e4a555354204e4f573c2f4c6162656c3e0d0a202020203c5365745661726961626c653e0d0a2020202020203c44657374696e6174696f6e3e636865636b57616c6c5f706f73744d696e75657341676f3c2f44657374696e6174696f6e3e0d0a2020202020203c537472696e673e303c2f537472696e673e0d0a202020203c2f5365745661726961626c653e0d0a0d0a202020203c4a756d703e58204d494e555445533c2f4a756d703e0d0a0d0a202020203c212d2d20436865636b20696620746865206974656d2077617320706f73746564206d696e757465732061676f206f7220686f7572732c20646179732c206574632e2e2e202d2d3e0d0a202020203c4c6162656c3e4d494e55544553204f5220484f5552533c2f4c6162656c3e0d0a202020203c436f6e646974696f6e3e0d0a2020202020203c547275653e58204d494e555445533c2f547275653e0d0a2020202020203c46616c73653e46494e49534845443c2f46616c73653e0d0a202020203c2f436f6e646974696f6e3e0d0a202020203c5661726961626c65436f6e7461696e733e0d0a2020202020203c5661726961626c654e616d653e636865636b57616c6c5f706f73744d696e75657341676f3c2f5661726961626c654e616d653e0d0a2020202020203c536f757263653e6d696e3c2f536f757263653e0d0a202020203c2f5661726961626c65436f6e7461696e733e0d0a0d0a202020203c212d2d20436865636b2069662077617320706f737465642077697468696e20746865206c6173742058206d696e757465732028636f6e666967757261626c6520627920636865636b57616c6c5f74656d7057616c6c4974656d4d696e7574657341676f4d617829202d2d3e0d0a202020203c4c6162656c3e58204d494e555445533c2f4c6162656c3e0d0a202020203c436f6e646974696f6e3e0d0a2020202020203c547275653e46494e49534845443c2f547275653e0d0a2020202020203c46616c73653e434f4e54494e55453c2f46616c73653e0d0a202020203c2f436f6e646974696f6e3e0d0a202020203c477265617465725468616e3e0d0a2020202020203c536f75726365313e0d0a20202020202020203c5661726961626c653e636865636b57616c6c5f706f73744d696e75657341676f3c2f5661726961626c653e0d0a2020202020203c2f536f75726365313e0d0a2020202020203c536f75726365323e0d0a20202020202020203c5661726961626c653e636865636b57616c6c5f74656d7057616c6c4974656d4d696e7574657341676f4d61783c2f5661726961626c653e0d0a2020202020203c2f536f75726365323e0d0a202020203c2f477265617465725468616e3e0d0a0d0a202020203c212d2d205265616420746865206d657373616765202d2d3e0d0a202020203c4c6162656c3e434f4e54494e55453c2f4c6162656c3e0d0a202020203c4765744974656d206e616d653d22636865636b57616c6c5f6974656d54657874223e0d0a2020202020203c506172656e74456c656d656e743e636865636b57616c6c5f6d696e7574657341676f546578743c2f506172656e74456c656d656e743e0d0a2020202020203c536561726368547970653e58506174683c2f536561726368547970653e0d0a2020202020203c53656172636856616c75653e2e2e2f2e2e2f2e2e2f2e2e2f2e2e2f2e2e2f2e2e2f2e2e2f2e2e2f2e2e2f2f703c2f53656172636856616c75653e0d0a202020203c2f4765744974656d3e0d0a0d0a202020203c4765745465787446726f6d5765624974656d3e0d0a2020202020203c536f757263653e636865636b57616c6c5f6974656d546578743c2f536f757263653e0d0a2020202020203c44657374696e6174696f6e3e636865636b57616c6c5f706f7374546578743c2f44657374696e6174696f6e3e0d0a202020203c2f4765745465787446726f6d5765624974656d3e0d0a0d0a202020203c212d2d20436865636b2054726967676572732c2069662056616c6964617465642c2043616c6c205265616374546f57616c6c506f73742073657175656e6365202d2d3e0d0a202020203c436865636b54726967676572733e0d0a2020202020203c54726967676572547970653e77616c6c506f73743c2f54726967676572547970653e0d0a2020202020203c5265616374696f6e3e7265616374546f57616c6c506f73743c2f5265616374696f6e3e0d0a202020203c2f436865636b54726967676572733e0d0a0d0a202020203c212d2d205072657061726520666f72206e65787420706f737420616e64204a756d7020746f2057414c4c204954454d204c4f4f50202d2d3e0d0a202020203c496e6372656173655661726961626c653e0d0a2020202020203c44657374696e6174696f6e3e636865636b57616c6c5f74656d7057616c6c4974656d436f756e7465723c2f44657374696e6174696f6e3e0d0a2020202020203c5175616e746974793e313c2f5175616e746974793e0d0a202020203c2f496e6372656173655661726961626c653e0d0a202020200d0a202020203c4a756d703e57414c4c204954454d204c4f4f503c2f4a756d703e0d0a0d0a202020203c212d2d2066696e69736865642073657175656e6365202d2d3e0d0a202020203c4c6162656c3e46494e49534845443c2f4c6162656c3e0d0a202020203c536c6565703e303c2f536c6565703e0d0a0d0a20203c2f53657175656e63653e0d0a0d0a20203c212d2d20526561637420746f20612077616c6c20706f7374202d2d3e0d0a20203c53657175656e6365206e616d653d227265616374546f57616c6c506f7374223e0d0a202020203c5365745661726961626c653e0d0a2020202020203c44657374696e6174696f6e3e726573706f6e64546f506f73745f636f6d6d656e74427574746f6e58506174683c2f44657374696e6174696f6e3e0d0a2020202020203c537472696e673e282f2f696e7075745b4076616c75653d27436f6d6d656e74275d295b3c2f537472696e673e0d0a202020203c2f5365745661726961626c653e0d0a0d0a202020203c436174656e617465537472696e673e0d0a2020202020203c44657374696e6174696f6e3e726573706f6e64546f506f73745f636f6d6d656e74427574746f6e58506174683c2f44657374696e6174696f6e3e0d0a2020202020203c536f75726365313e0d0a20202020202020203c5661726961626c653e726573706f6e64546f506f73745f636f6d6d656e74427574746f6e58506174683c2f5661726961626c653e0d0a2020202020203c2f536f75726365313e0d0a2020202020203c536f75726365323e0d0a20202020202020203c5661726961626c653e636865636b57616c6c5f74656d7057616c6c4974656d436f756e7465723c2f5661726961626c653e0d0a2020202020203c2f536f75726365323e0d0a202020203c2f436174656e617465537472696e673e0d0a0d0a202020203c436174656e617465537472696e673e0d0a2020202020203c44657374696e6174696f6e3e726573706f6e64546f506f73745f636f6d6d656e74427574746f6e58506174683c2f44657374696e6174696f6e3e0d0a2020202020203c536f75726365313e0d0a20202020202020203c5661726961626c653e726573706f6e64546f506f73745f636f6d6d656e74427574746f6e58506174683c2f5661726961626c653e0d0a2020202020203c2f536f75726365313e0d0a2020202020203c536f75726365323e5d3c2f536f75726365323e0d0a202020203c2f436174656e617465537472696e673e0d0a202020200d0a202020203c4765744974656d206e616d653d227265616374546f57616c6c506f73745f636f6d6d656e74427574746f6e223e0d0a2020202020203c506172656e74456c656d656e743e3c2f506172656e74456c656d656e743e0d0a2020202020203c536561726368547970653e58506174683c2f536561726368547970653e0d0a2020202020203c53656172636856616c75653e0d0a20202020202020203c5661726961626c653e726573706f6e64546f506f73745f636f6d6d656e74427574746f6e58506174683c2f5661726961626c653e0d0a2020202020203c2f53656172636856616c75653e0d0a202020203c2f4765744974656d3e0d0a0d0a202020203c436c69636b3e0d0a2020202020203c44657374696e6174696f6e3e7265616374546f57616c6c506f73745f636f6d6d656e74427574746f6e3c2f44657374696e6174696f6e3e0d0a202020203c2f436c69636b3e0d0a0d0a202020203c4765744163746976654974656d206e616d653d227265616374546f57616c6c506f73745f636f6d6d656e745465787441726561223e3c2f4765744163746976654974656d3e0d0a0d0a202020203c436174656e617465537472696e673e0d0a2020202020203c44657374696e6174696f6e3e726573706f6e64546f506f73745f726573706f6e7365537472696e673c2f44657374696e6174696f6e3e0d0a2020202020203c536f75726365313e0d0a20202020202020203c5661726961626c653e726573706f6e64546f506f73745f726573706f6e7365537472696e673c2f5661726961626c653e0d0a2020202020203c2f536f75726365313e0d0a2020202020203c536f75726365323e5c6e3c2f536f75726365323e0d0a202020203c2f436174656e617465537472696e673e0d0a0d0a202020203c547970653e0d0a2020202020203c44657374696e6174696f6e3e7265616374546f57616c6c506f73745f636f6d6d656e7454657874417265613c2f44657374696e6174696f6e3e0d0a2020202020203c537472696e673e0d0a20202020202020203c5661726961626c653e726573706f6e64546f506f73745f726573706f6e7365537472696e673c2f5661726961626c653e0d0a2020202020203c2f537472696e673e0d0a202020203c2f547970653e0d0a202020200d0a20203c2f53657175656e63653e0d0a0d0a20203c212d2d20436865636b2070726976617465206d65737361676573202d2d3e0d0a20203c53657175656e6365206e616d653d22636865636b507269766174654d65737361676573223e0d0a0d0a0d0a20203c2f53657175656e63653e0d0a20200d0a3c2f506c7567696e3e0d0a0d0a);

-- --------------------------------------------------------

--
-- Table structure for table `sequences`
--

CREATE TABLE IF NOT EXISTS `sequences` (
  `SequenceID` int(11) NOT NULL AUTO_INCREMENT,
  `PluginID` int(11) NOT NULL,
  `SequenceName` varchar(255) NOT NULL,
  PRIMARY KEY (`SequenceID`),
  KEY `PluginID` (`PluginID`)
) ENGINE=InnoDB  DEFAULT CHARSET=latin1 AUTO_INCREMENT=7 ;

--
-- Dumping data for table `sequences`
--

INSERT INTO `sequences` (`SequenceID`, `PluginID`, `SequenceName`) VALUES
(1, 6, 'setup'),
(2, 6, 'login'),
(3, 6, 'main page'),
(4, 6, 'checkWall'),
(5, 6, 'reactToWallPost'),
(6, 6, 'checkPrivateMessages');

-- --------------------------------------------------------

--
-- Table structure for table `triggers`
--

CREATE TABLE IF NOT EXISTS `triggers` (
  `TriggerID` int(11) NOT NULL AUTO_INCREMENT,
  `ConfigurationID` int(11) NOT NULL,
  `TriggerTypeID` int(11) NOT NULL,
  `TriggerName` varchar(255) NOT NULL,
  `TriggerDescription` varchar(255) NOT NULL,
  `TriggerValue` varchar(255) NOT NULL,
  `ReactionSequenceID` int(11) NOT NULL,
  `ReactionValue` varchar(255) NOT NULL,
  `TriggerEnabled` bit(1) NOT NULL,
  PRIMARY KEY (`TriggerID`),
  KEY `ConfigurationID` (`ConfigurationID`),
  KEY `TriggerTypeID` (`TriggerTypeID`),
  KEY `ReactionSequenceID` (`ReactionSequenceID`)
) ENGINE=InnoDB  DEFAULT CHARSET=latin1 AUTO_INCREMENT=12 ;

--
-- Dumping data for table `triggers`
--

INSERT INTO `triggers` (`TriggerID`, `ConfigurationID`, `TriggerTypeID`, `TriggerName`, `TriggerDescription`, `TriggerValue`, `ReactionSequenceID`, `ReactionValue`, `TriggerEnabled`) VALUES
(1, 1, 1, 'Find Shouting', 'Finds the symbol !', '!', 5, 'Reaction to shouting!', b'1'),
(11, 7, 5, 'New Trigger', 'adqwqawd', 'qadqwdq', 3, 'qwdqdqd', b'1');

-- --------------------------------------------------------

--
-- Table structure for table `triggertypes`
--

CREATE TABLE IF NOT EXISTS `triggertypes` (
  `TriggerTypeID` int(11) NOT NULL AUTO_INCREMENT,
  `ConfigurationID` int(11) NOT NULL,
  `TriggerTypeName` varchar(255) NOT NULL,
  `TriggerTypeDescription` varchar(255) NOT NULL,
  PRIMARY KEY (`TriggerTypeID`),
  KEY `ConfigurationID` (`ConfigurationID`)
) ENGINE=InnoDB  DEFAULT CHARSET=latin1 AUTO_INCREMENT=6 ;

--
-- Dumping data for table `triggertypes`
--

INSERT INTO `triggertypes` (`TriggerTypeID`, `ConfigurationID`, `TriggerTypeName`, `TriggerTypeDescription`) VALUES
(1, 1, 'Test Triggers', 'Triggers used to test facebook plugin'),
(5, 7, 'New Trigger Type', '');

-- --------------------------------------------------------

--
-- Table structure for table `users`
--

CREATE TABLE IF NOT EXISTS `users` (
  `UserID` int(11) NOT NULL AUTO_INCREMENT,
  `UserName` varchar(255) NOT NULL,
  `UserHashedPassword` varchar(255) NOT NULL,
  `UserTypeID` int(11) NOT NULL,
  `UserEnableRead` bit(1) NOT NULL,
  `UserEnableWrite` bit(1) NOT NULL,
  PRIMARY KEY (`UserID`),
  KEY `UserTypeID` (`UserTypeID`)
) ENGINE=InnoDB  DEFAULT CHARSET=latin1 AUTO_INCREMENT=12 ;

--
-- Dumping data for table `users`
--

INSERT INTO `users` (`UserID`, `UserName`, `UserHashedPassword`, `UserTypeID`, `UserEnableRead`, `UserEnableWrite`) VALUES
(4, 'Manuel', '123456', 2, b'1', b'1'),
(5, 'NotAnAdmin', '123456', 1, b'1', b'0'),
(11, 'a', '1231212aasaaaaa', 2, b'1', b'0');

-- --------------------------------------------------------

--
-- Table structure for table `usertypes`
--

CREATE TABLE IF NOT EXISTS `usertypes` (
  `UserTypeID` int(11) NOT NULL,
  `UserTypeName` varchar(255) NOT NULL,
  PRIMARY KEY (`UserTypeID`)
) ENGINE=InnoDB DEFAULT CHARSET=latin1;

--
-- Dumping data for table `usertypes`
--

INSERT INTO `usertypes` (`UserTypeID`, `UserTypeName`) VALUES
(1, 'Operator'),
(2, 'Administrator');

--
-- Constraints for dumped tables
--

--
-- Constraints for table `accounts`
--
ALTER TABLE `accounts`
  ADD CONSTRAINT `accounts_ibfk_1` FOREIGN KEY (`PluginID`) REFERENCES `plugins` (`PluginID`) ON DELETE CASCADE;

--
-- Constraints for table `configurations`
--
ALTER TABLE `configurations`
  ADD CONSTRAINT `configurations_ibfk_1` FOREIGN KEY (`AccountID`) REFERENCES `accounts` (`AccountID`) ON DELETE CASCADE;

--
-- Constraints for table `configurationsequences`
--
ALTER TABLE `configurationsequences`
  ADD CONSTRAINT `configurationsequences_ibfk_2` FOREIGN KEY (`SequenceID`) REFERENCES `sequences` (`SequenceID`) ON DELETE CASCADE,
  ADD CONSTRAINT `configurationsequences_ibfk_1` FOREIGN KEY (`ConfigurationID`) REFERENCES `configurations` (`ConfigurationID`) ON DELETE CASCADE;

--
-- Constraints for table `sequences`
--
ALTER TABLE `sequences`
  ADD CONSTRAINT `sequences_ibfk_1` FOREIGN KEY (`PluginID`) REFERENCES `plugins` (`PluginID`) ON DELETE CASCADE;

--
-- Constraints for table `triggers`
--
ALTER TABLE `triggers`
  ADD CONSTRAINT `triggers_ibfk_3` FOREIGN KEY (`ReactionSequenceID`) REFERENCES `sequences` (`SequenceID`) ON DELETE CASCADE,
  ADD CONSTRAINT `triggers_ibfk_1` FOREIGN KEY (`ConfigurationID`) REFERENCES `configurations` (`ConfigurationID`) ON DELETE CASCADE,
  ADD CONSTRAINT `triggers_ibfk_2` FOREIGN KEY (`TriggerTypeID`) REFERENCES `triggertypes` (`TriggerTypeID`) ON DELETE CASCADE;

--
-- Constraints for table `triggertypes`
--
ALTER TABLE `triggertypes`
  ADD CONSTRAINT `triggertypes_ibfk_1` FOREIGN KEY (`ConfigurationID`) REFERENCES `configurations` (`ConfigurationID`) ON DELETE CASCADE;

--
-- Constraints for table `users`
--
ALTER TABLE `users`
  ADD CONSTRAINT `users_ibfk_1` FOREIGN KEY (`UserTypeID`) REFERENCES `usertypes` (`UserTypeID`) ON DELETE CASCADE;

/*!40101 SET CHARACTER_SET_CLIENT=@OLD_CHARACTER_SET_CLIENT */;
/*!40101 SET CHARACTER_SET_RESULTS=@OLD_CHARACTER_SET_RESULTS */;
/*!40101 SET COLLATION_CONNECTION=@OLD_COLLATION_CONNECTION */;
